number,state,value,datetime_start,datetime_complete,duration_seconds,param_alignment.n_components,param_encoding.ridge_alpha,user_attrs_json
0,COMPLETE,0.146055695911,2026-06-03T19:06:30.089403,2026-06-03T19:07:51.543607,81.454204,195,4.185822729546974,"{""fold_scores"": {""1"": 0.14695289731025696, ""2"": 0.11964873969554901, ""3"": 0.1209946721792221, ""4"": 0.13005481660366058, ""5"": 0.23056228458881378, ""6"": 0.1281207650899887}, ""objective_metric"": ""median_r"", ""trial_seconds"": 81.34555196762085}"
1,COMPLETE,0.147721399864,2026-06-03T19:07:51.565357,2026-06-03T19:09:12.670873,81.105516,130,1330.3245101522919,"{""fold_scores"": {""1"": 0.1482139527797699, ""2"": 0.12244369089603424, ""3"": 0.12299293279647827, ""4"": 0.1296803057193756, ""5"": 0.23378795385360718, ""6"": 0.12920956313610077}, ""objective_metric"": ""median_r"", ""trial_seconds"": 81.01300811767578}"
2,COMPLETE,0.145821002622,2026-06-03T19:09:12.690032,2026-06-03T19:10:33.572719,80.882687,45,0.12363188277052217,"{""fold_scores"": {""1"": 0.1476469784975052, ""2"": 0.11930665373802185, ""3"": 0.11998516321182251, ""4"": 0.1300351917743683, ""5"": 0.2309148758649826, ""6"": 0.1270371526479721}, ""objective_metric"": ""median_r"", ""trial_seconds"": 80.78597044944763}"
3,COMPLETE,0.145792541405,2026-06-03T19:10:33.587426,2026-06-03T19:11:54.292548,80.705122,180,0.025502648504032846,"{""fold_scores"": {""1"": 0.14765329658985138, ""2"": 0.11933861672878265, ""3"": 0.12001971900463104, ""4"": 0.13003294169902802, ""5"": 0.23089712858200073, ""6"": 0.12681354582309723}, ""objective_metric"": ""median_r"", ""trial_seconds"": 80.60659885406494}"
4,COMPLETE,0.146200160185,2026-06-03T19:11:54.307453,2026-06-03T19:13:15.355392,81.047939,150,161.36341713591332,"{""fold_scores"": {""1"": 0.14626336097717285, ""2"": 0.12065945565700531, ""3"": 0.12150698900222778, ""4"": 0.12915030121803284, ""5"": 0.23068979382514954, ""6"": 0.12893106043338776}, ""objective_metric"": ""median_r"", ""trial_seconds"": 80.95017385482788}"
5,PRUNED,0.149590787292,2026-06-03T19:13:15.369868,2026-06-03T19:14:22.751841,67.381973,195,0.013934502251337596,"{""fold_scores"": {""1"": 0.1477210521697998, ""2"": 0.11932721734046936, ""3"": 0.12001959979534149, ""4"": 0.12999044358730316, ""5"": 0.23089562356472015}, ""pruned_after_fold"": 5}"
6,COMPLETE,0.151947048803,2026-06-03T19:14:22.763728,2026-06-03T19:15:43.630930,80.867202,55,6715.811311069957,"{""fold_scores"": {""1"": 0.15317778289318085, ""2"": 0.1273132562637329, ""3"": 0.12672439217567444, ""4"": 0.13319861888885498, ""5"": 0.23956815898418427, ""6"": 0.1317000836133957}, ""objective_metric"": ""median_r"", ""trial_seconds"": 80.76816129684448}"
7,PRUNED,0.149558076262,2026-06-03T19:15:43.654084,2026-06-03T19:16:52.501742,68.847658,50,0.18740223688836324,"{""fold_scores"": {""1"": 0.14761969447135925, ""2"": 0.1192764937877655, ""3"": 0.12002682685852051, ""4"": 0.13005131483078003, ""5"": 0.230816051363945}, ""pruned_after_fold"": 5}"
8,PRUNED,0.149628867209,2026-06-03T19:16:52.517834,2026-06-03T19:17:59.765512,67.247678,115,1.348018029089081,"{""fold_scores"": {""1"": 0.14737647771835327, ""2"": 0.11958620697259903, ""3"": 0.12045265734195709, ""4"": 0.13011418282985687, ""5"": 0.2306148111820221}, ""pruned_after_fold"": 5}"
9,PRUNED,0.149605074525,2026-06-03T19:17:59.782094,2026-06-03T19:19:07.060891,67.278797,70,10.558813779064838,"{""fold_scores"": {""1"": 0.1465427577495575, ""2"": 0.11974696815013885, ""3"": 0.12121887505054474, ""4"": 0.12990307807922363, ""5"": 0.23061369359493256}, ""pruned_after_fold"": 5}"
10,COMPLETE,0.155479460955,2026-06-03T19:19:07.075920,2026-06-03T19:20:25.700269,78.624349,20,70141.09129011331,"{""fold_scores"": {""1"": 0.15893352031707764, ""2"": 0.13131597638130188, ""3"": 0.13325491547584534, ""4"": 0.13288459181785583, ""5"": 0.24555018544197083, ""6"": 0.1309375762939453}, ""objective_metric"": ""median_r"", ""trial_seconds"": 78.53090977668762}"
11,COMPLETE,0.155654929578,2026-06-03T19:20:25.720969,2026-06-03T19:21:44.304203,78.583234,20,61201.177153178905,"{""fold_scores"": {""1"": 0.15930473804473877, ""2"": 0.13108915090560913, ""3"": 0.13374170660972595, ""4"": 0.1327161341905594, ""5"": 0.24603328108787537, ""6"": 0.13104456663131714}, ""objective_metric"": ""median_r"", ""trial_seconds"": 78.49214267730713}"
12,COMPLETE,0.157333734135,2026-06-03T19:21:44.323811,2026-06-03T19:23:03.707296,79.383485,25,86397.15474724208,"{""fold_scores"": {""1"": 0.16095030307769775, ""2"": 0.13632835447788239, ""3"": 0.1306915283203125, ""4"": 0.13457471132278442, ""5"": 0.2496148645877838, ""6"": 0.13184264302253723}, ""objective_metric"": ""median_r"", ""trial_seconds"": 79.28004240989685}"
13,COMPLETE,0.155425749719,2026-06-03T19:23:03.726846,2026-06-03T19:24:22.338548,78.611702,20,82356.34697738281,"{""fold_scores"": {""1"": 0.1589241623878479, ""2"": 0.13175934553146362, ""3"": 0.1332339346408844, ""4"": 0.1327250450849533, ""5"": 0.24520108103752136, ""6"": 0.1307109296321869}, ""objective_metric"": ""median_r"", ""trial_seconds"": 78.51325273513794}"
14,COMPLETE,0.150718775888,2026-06-03T19:24:22.353240,2026-06-03T19:25:42.653787,80.300547,80,4443.656246914651,"{""fold_scores"": {""1"": 0.15204684436321259, ""2"": 0.12546494603157043, ""3"": 0.12538881599903107, ""4"": 0.1323584020137787, ""5"": 0.2381836324930191, ""6"": 0.1308700144290924}, ""objective_metric"": ""median_r"", ""trial_seconds"": 80.20605254173279}"
15,PRUNED,0.149626895785,2026-06-03T19:25:42.670033,2026-06-03T19:26:49.574782,66.904749,90,145.5300927237216,"{""fold_scores"": {""1"": 0.14613813161849976, ""2"": 0.1205676943063736, ""3"": 0.12151633203029633, ""4"": 0.12918327748775482, ""5"": 0.23072904348373413}, ""pruned_after_fold"": 5}"
16,COMPLETE,0.154370975991,2026-06-03T19:26:49.591123,2026-06-03T19:28:09.991923,80.4008,35,14427.409704331172,"{""fold_scores"": {""1"": 0.15616479516029358, ""2"": 0.12970919907093048, ""3"": 0.12864261865615845, ""4"": 0.13498882949352264, ""5"": 0.24369320273399353, ""6"": 0.13302721083164215}, ""objective_metric"": ""median_r"", ""trial_seconds"": 80.3035671710968}"
17,PRUNED,0.150837561488,2026-06-03T19:28:10.006956,2026-06-03T19:29:16.800641,66.793685,95,911.8724321968274,"{""fold_scores"": {""1"": 0.14763620495796204, ""2"": 0.12216189503669739, ""3"": 0.12235921621322632, ""4"": 0.1294299215078354, ""5"": 0.23260056972503662}, ""pruned_after_fold"": 5}"
18,COMPLETE,0.155917562544,2026-06-03T19:29:16.814023,2026-06-03T19:30:37.190125,80.376102,70,24934.773964317872,"{""fold_scores"": {""1"": 0.15778109431266785, ""2"": 0.13215239346027374, ""3"": 0.12982690334320068, ""4"": 0.1361570507287979, ""5"": 0.2463267594575882, ""6"": 0.13326117396354675}, ""objective_metric"": ""median_r"", ""trial_seconds"": 80.25942206382751}"
19,PRUNED,0.149542251229,2026-06-03T19:30:37.205551,2026-06-03T19:31:44.157340,66.951789,60,89.4136652625687,"{""fold_scores"": {""1"": 0.1460072100162506, ""2"": 0.12040700018405914, ""3"": 0.1213306188583374, ""4"": 0.129367396235466, ""5"": 0.2305990308523178}, ""pruned_after_fold"": 5}"
20,PRUNED,0.150772458315,2026-06-03T19:31:44.172548,2026-06-03T19:32:51.127476,66.954928,110,868.1035149258714,"{""fold_scores"": {""1"": 0.1475704312324524, ""2"": 0.12202709913253784, ""3"": 0.1223360002040863, ""4"": 0.12942150235176086, ""5"": 0.23250725865364075}, ""pruned_after_fold"": 5}"
21,COMPLETE,0.155053079128,2026-06-03T19:32:51.144499,2026-06-03T19:34:11.415667,80.271168,30,28836.18247232665,"{""fold_scores"": {""1"": 0.16116489470005035, ""2"": 0.13170132040977478, ""3"": 0.12879851460456848, ""4"": 0.13685555756092072, ""5"": 0.23917023837566376, ""6"": 0.1326279491186142}, ""objective_metric"": ""median_r"", ""trial_seconds"": 80.16704845428467}"
22,COMPLETE,0.15702607731,2026-06-03T19:34:11.431700,2026-06-03T19:35:31.962933,80.531233,40,87779.79274231792,"{""fold_scores"": {""1"": 0.15977424383163452, ""2"": 0.13527673482894897, ""3"": 0.1299785077571869, ""4"": 0.1375475972890854, ""5"": 0.24740079045295715, ""6"": 0.13217858970165253}, ""objective_metric"": ""median_r"", ""trial_seconds"": 80.43599486351013}"
23,PRUNED,0.155125138164,2026-06-03T19:35:31.978151,2026-06-03T19:36:38.936582,66.958431,65,5087.333062875445,"{""fold_scores"": {""1"": 0.15243519842624664, ""2"": 0.12628358602523804, ""3"": 0.12562260031700134, ""4"": 0.13247138261795044, ""5"": 0.23881292343139648}, ""pruned_after_fold"": 5}"
24,PRUNED,0.157851967216,2026-06-03T19:36:38.950010,2026-06-03T19:37:45.893108,66.943098,45,11674.056256560221,"{""fold_scores"": {""1"": 0.15542377531528473, ""2"": 0.12899136543273926, ""3"": 0.12781137228012085, ""4"": 0.13428328931331635, ""5"": 0.24275003373622894}, ""pruned_after_fold"": 5}"
25,COMPLETE,0.156752854586,2026-06-03T19:37:45.909834,2026-06-03T19:39:06.387428,80.477594,80,98977.63455528174,"{""fold_scores"": {""1"": 0.15956248342990875, ""2"": 0.13535094261169434, ""3"": 0.1297597736120224, ""4"": 0.13732405006885529, ""5"": 0.2465353012084961, ""6"": 0.13198457658290863}, ""objective_metric"": ""median_r"", ""trial_seconds"": 80.3827474117279}"
26,PRUNED,0.152341967821,2026-06-03T19:39:06.402514,2026-06-03T19:40:13.476115,67.073601,85,2109.3571426469116,"{""fold_scores"": {""1"": 0.1494809240102768, ""2"": 0.12330920994281769, ""3"": 0.1235550045967102, ""4"": 0.1303778737783432, ""5"": 0.2349868267774582}, ""pruned_after_fold"": 5}"
27,COMPLETE,0.156786804398,2026-06-03T19:40:13.491761,2026-06-03T19:41:33.757051,80.26529,40,96873.51852376762,"{""fold_scores"": {""1"": 0.1596067249774933, ""2"": 0.13528972864151, ""3"": 0.12982672452926636, ""4"": 0.13737428188323975, ""5"": 0.24662241339683533, ""6"": 0.13200095295906067}, ""objective_metric"": ""median_r"", ""trial_seconds"": 80.16897964477539}"
28,PRUNED,0.150014773011,2026-06-03T19:41:33.772918,2026-06-03T19:42:40.696246,66.923328,35,365.5305928194549,"{""fold_scores"": {""1"": 0.14681383967399597, ""2"": 0.12099109590053558, ""3"": 0.12196776270866394, ""4"": 0.1289978325366974, ""5"": 0.23130333423614502}, ""pruned_after_fold"": 5}"
29,PRUNED,0.149620744586,2026-06-03T19:42:40.711836,2026-06-03T19:43:47.615710,66.903874,35,33.69857529717301,"{""fold_scores"": {""1"": 0.1463460922241211, ""2"": 0.12022082507610321, ""3"": 0.1213291734457016, ""4"": 0.1296028047800064, ""5"": 0.23060482740402222}, ""pruned_after_fold"": 5}"
30,COMPLETE,0.155574505528,2026-06-03T19:43:47.631255,2026-06-03T19:45:08.239941,80.608686,155,22197.298340234996,"{""fold_scores"": {""1"": 0.15725131332874298, ""2"": 0.13175535202026367, ""3"": 0.12951141595840454, ""4"": 0.13590483367443085, ""5"": 0.24585774540901184, ""6"": 0.1331663727760315}, ""objective_metric"": ""median_r"", ""trial_seconds"": 80.50873804092407}"
31,COMPLETE,0.157076102992,2026-06-03T19:45:08.255190,2026-06-03T19:46:28.855022,80.599832,45,83140.88276633031,"{""fold_scores"": {""1"": 0.15969756245613098, ""2"": 0.1352439522743225, ""3"": 0.1299767643213272, ""4"": 0.13765479624271393, ""5"": 0.24764597415924072, ""6"": 0.13223756849765778}, ""objective_metric"": ""median_r"", ""trial_seconds"": 80.49391531944275}"
32,COMPLETE,0.156667051216,2026-06-03T19:46:28.870703,2026-06-03T19:47:49.518217,80.647514,45,35562.569559397256,"{""fold_scores"": {""1"": 0.15865741670131683, ""2"": 0.13295190036296844, ""3"": 0.1305837780237198, ""4"": 0.13693232834339142, ""5"": 0.2474198192358017, ""6"": 0.13345706462860107}, ""objective_metric"": ""median_r"", ""trial_seconds"": 80.53779458999634}"
33,PRUNED,0.152397015691,2026-06-03T19:47:49.533930,2026-06-03T19:48:56.689811,67.155881,30,3209.187577310394,"{""fold_scores"": {""1"": 0.15352340042591095, ""2"": 0.1240537166595459, ""3"": 0.1228470653295517, ""4"": 0.13161028921604156, ""5"": 0.22995060682296753}, ""pruned_after_fold"": 5}"
34,PRUNED,0.157602745295,2026-06-03T19:48:56.705279,2026-06-03T19:50:03.845007,67.139728,55,10713.91802904511,"{""fold_scores"": {""1"": 0.15515701472759247, ""2"": 0.1288808137178421, ""3"": 0.12773272395133972, ""4"": 0.13409990072250366, ""5"": 0.24214327335357666}, ""pruned_after_fold"": 5}"
35,COMPLETE,0.156601026654,2026-06-03T19:50:03.861000,2026-06-03T19:51:24.406499,80.545499,40,34078.913008776995,"{""fold_scores"": {""1"": 0.1585416942834854, ""2"": 0.13284564018249512, ""3"": 0.13057851791381836, ""4"": 0.13684844970703125, ""5"": 0.2474086582660675, ""6"": 0.13338319957256317}, ""objective_metric"": ""median_r"", ""trial_seconds"": 80.44874572753906}"
36,COMPLETE,0.157113589346,2026-06-03T19:51:24.420949,2026-06-03T19:52:43.813138,79.392189,25,99236.32498894294,"{""fold_scores"": {""1"": 0.1604228913784027, ""2"": 0.13625101745128632, ""3"": 0.13070958852767944, ""4"": 0.13447850942611694, ""5"": 0.24920472502708435, ""6"": 0.1316148042678833}, ""objective_metric"": ""median_r"", ""trial_seconds"": 79.30032205581665}"
37,PRUNED,0.158087274432,2026-06-03T19:52:43.829514,2026-06-03T19:53:49.885244,66.05573,25,9301.096652956328,"{""fold_scores"": {""1"": 0.15753954648971558, ""2"": 0.12864354252815247, ""3"": 0.12739188969135284, ""4"": 0.13033080101013184, ""5"": 0.24653059244155884}, ""pruned_after_fold"": 5}"
38,PRUNED,0.149635688961,2026-06-03T19:53:49.899277,2026-06-03T19:54:56.943503,67.044226,170,1.4716401311693246,"{""fold_scores"": {""1"": 0.14743706583976746, ""2"": 0.11960186809301376, ""3"": 0.12045133113861084, ""4"": 0.130158931016922, ""5"": 0.23052924871444702}, ""pruned_after_fold"": 5}"
39,PRUNED,0.152422362566,2026-06-03T19:54:56.958642,2026-06-03T19:56:03.977410,67.018768,135,2219.380492343808,"{""fold_scores"": {""1"": 0.14960555732250214, ""2"": 0.12339095771312714, ""3"": 0.12353482842445374, ""4"": 0.13042888045310974, ""5"": 0.23515158891677856}, ""pruned_after_fold"": 5}"
40,COMPLETE,0.156785661976,2026-06-03T19:56:03.989810,2026-06-03T19:57:24.360304,80.370494,55,41213.898889616634,"{""fold_scores"": {""1"": 0.15884742140769958, ""2"": 0.13344517350196838, ""3"": 0.13057908415794373, ""4"": 0.1372784823179245, ""5"": 0.24738867580890656, ""6"": 0.13317513465881348}, ""objective_metric"": ""median_r"", ""trial_seconds"": 80.27390909194946}"
41,COMPLETE,0.157140053809,2026-06-03T19:57:24.376991,2026-06-03T19:58:44.709482,80.332491,45,76160.94811068595,"{""fold_scores"": {""1"": 0.159648135304451, ""2"": 0.13480648398399353, ""3"": 0.13034623861312866, ""4"": 0.13780800998210907, ""5"": 0.24786296486854553, ""6"": 0.13236849009990692}, ""objective_metric"": ""median_r"", ""trial_seconds"": 80.23795676231384}"
42,PRUNED,0.157035106421,2026-06-03T19:58:44.724569,2026-06-03T19:59:51.551955,66.827386,30,12427.850149902977,"{""fold_scores"": {""1"": 0.15855607390403748, ""2"": 0.12862226366996765, ""3"": 0.1265181601047516, ""4"": 0.1349085420370102, ""5"": 0.23657049238681793}, ""pruned_after_fold"": 5}"
43,COMPLETE,0.157026737928,2026-06-03T19:59:51.568093,2026-06-03T20:01:11.828263,80.26017,50,46436.48468569129,"{""fold_scores"": {""1"": 0.15933482348918915, ""2"": 0.13394290208816528, ""3"": 0.13061094284057617, ""4"": 0.13742774724960327, ""5"": 0.24776490032672882, ""6"": 0.13307911157608032}, ""objective_metric"": ""median_r"", ""trial_seconds"": 80.16253352165222}"
44,COMPLETE,0.156717513998,2026-06-03T20:01:11.845499,2026-06-03T20:02:32.139885,80.294386,50,38958.561633052,"{""fold_scores"": {""1"": 0.15879949927330017, ""2"": 0.13320812582969666, ""3"": 0.13053810596466064, ""4"": 0.13711321353912354, ""5"": 0.24743175506591797, ""6"": 0.13321438431739807}, ""objective_metric"": ""median_r"", ""trial_seconds"": 80.20041251182556}"
45,PRUNED,0.149574023485,2026-06-03T20:02:32.157407,2026-06-03T20:03:39.143636,66.986229,65,0.08724143301604895,"{""fold_scores"": {""1"": 0.14765788614749908, ""2"": 0.11929672956466675, ""3"": 0.12001381814479828, ""4"": 0.12998154759407043, ""5"": 0.23092013597488403}, ""pruned_after_fold"": 5}"
46,COMPLETE,0.157555162907,2026-06-03T20:03:39.159145,2026-06-03T20:04:58.491917,79.332772,25,53516.353199109784,"{""fold_scores"": {""1"": 0.16150863468647003, ""2"": 0.13546080887317657, ""3"": 0.13073226809501648, ""4"": 0.13464485108852386, ""5"": 0.2502218186855316, ""6"": 0.1327625960111618}, ""objective_metric"": ""median_r"", ""trial_seconds"": 79.23749852180481}"
47,PRUNED,0.158149090409,2026-06-03T20:04:58.512038,2026-06-03T20:06:03.992729,65.480691,20,18504.923013095977,"{""fold_scores"": {""1"": 0.1562556028366089, ""2"": 0.1276092529296875, ""3"": 0.13106730580329895, ""4"": 0.13095270097255707, ""5"": 0.24486058950424194}, ""pruned_after_fold"": 5}"
48,PRUNED,0.156654927135,2026-06-03T20:06:04.008666,2026-06-03T20:07:09.979443,65.970777,25,6444.897502728778,"{""fold_scores"": {""1"": 0.1561320722103119, ""2"": 0.12690609693527222, ""3"": 0.12622235715389252, ""4"": 0.12938062846660614, ""5"": 0.2446334809064865}, ""pruned_after_fold"": 5}"
49,COMPLETE,0.157062721749,2026-06-03T20:07:09.994818,2026-06-03T20:08:30.513862,80.519044,75,54521.818347670225,"{""fold_scores"": {""1"": 0.1594584584236145, ""2"": 0.1341065913438797, ""3"": 0.13052575290203094, ""4"": 0.13777470588684082, ""5"": 0.24755726754665375, ""6"": 0.13295355439186096}, ""objective_metric"": ""median_r"", ""trial_seconds"": 80.42702293395996}"
50,PRUNED,0.148248007894,2026-06-03T20:08:30.530643,2026-06-03T20:09:36.164658,65.634015,20,6.2382465951634565,"{""fold_scores"": {""1"": 0.14595532417297363, ""2"": 0.11659219115972519, ""3"": 0.12275753915309906, ""4"": 0.12382393330335617, ""5"": 0.23211105167865753}, ""pruned_after_fold"": 5}"
51,COMPLETE,0.157151607176,2026-06-03T20:09:36.176322,2026-06-03T20:10:57.124090,80.947768,95,60834.01922460427,"{""fold_scores"": {""1"": 0.15974614024162292, ""2"": 0.134446918964386, ""3"": 0.1302754431962967, ""4"": 0.13769878447055817, ""5"": 0.24785645306110382, ""6"": 0.1328859031200409}, ""objective_metric"": ""median_r"", ""trial_seconds"": 80.82438945770264}"
52,PRUNED,0.159069225192,2026-06-03T20:10:57.140971,2026-06-03T20:12:04.282042,67.141071,125,16266.373016469239,"{""fold_scores"": {""1"": 0.15631958842277527, ""2"": 0.1303139179944992, ""3"": 0.12914380431175232, ""4"": 0.13524861633777618, ""5"": 0.24432019889354706}, ""pruned_after_fold"": 5}"
53,COMPLETE,0.156753217181,2026-06-03T20:12:04.297614,2026-06-03T20:13:25.191928,80.894314,100,98820.49426243367,"{""fold_scores"": {""1"": 0.15955258905887604, ""2"": 0.1353398561477661, ""3"": 0.12976893782615662, ""4"": 0.13733334839344025, ""5"": 0.24653874337673187, ""6"": 0.1319858282804489}, ""objective_metric"": ""median_r"", ""trial_seconds"": 80.80301403999329}"
54,PRUNED,0.159164047241,2026-06-03T20:13:25.209427,2026-06-03T20:14:32.374578,67.165151,30,24400.546323278402,"{""fold_scores"": {""1"": 0.16096723079681396, ""2"": 0.13100995123386383, ""3"": 0.12842491269111633, ""4"": 0.136665478348732, ""5"": 0.23875266313552856}, ""pruned_after_fold"": 5}"
55,COMPLETE,0.157065133254,2026-06-03T20:14:32.386472,2026-06-03T20:15:53.158635,80.772163,100,54484.54087026722,"{""fold_scores"": {""1"": 0.15946802496910095, ""2"": 0.1341046690940857, ""3"": 0.13052648305892944, ""4"": 0.13778720796108246, ""5"": 0.2475610375404358, ""6"": 0.13294337689876556}, ""objective_metric"": ""median_r"", ""trial_seconds"": 80.67698216438293}"
56,PRUNED,0.154679530859,2026-06-03T20:15:53.175640,2026-06-03T20:17:00.540816,67.365176,60,4414.2527797520515,"{""fold_scores"": {""1"": 0.15203970670700073, ""2"": 0.1254499852657318, ""3"": 0.12536612153053284, ""4"": 0.13234400749206543, ""5"": 0.23819783329963684}, ""pruned_after_fold"": 5}"
57,PRUNED,0.156312465668,2026-06-03T20:17:00.556774,2026-06-03T20:18:07.987118,67.430344,45,7389.977282290721,"{""fold_scores"": {""1"": 0.15365071594715118, ""2"": 0.1276760995388031, ""3"": 0.12676529586315155, ""4"": 0.13319148123264313, ""5"": 0.24027873575687408}, ""pruned_after_fold"": 5}"
58,PRUNED,0.150240308046,2026-06-03T20:18:08.003619,2026-06-03T20:19:15.233365,67.229746,200,484.54125948586915,"{""fold_scores"": {""1"": 0.14706383645534515, ""2"": 0.12121586501598358, ""3"": 0.12197233736515045, ""4"": 0.12914952635765076, ""5"": 0.23179997503757477}, ""pruned_after_fold"": 5}"
59,COMPLETE,0.157124864558,2026-06-03T20:19:15.245523,2026-06-03T20:20:36.184310,80.938787,40,58844.65805573501,"{""fold_scores"": {""1"": 0.15970143675804138, ""2"": 0.1344119906425476, ""3"": 0.13021835684776306, ""4"": 0.1377313733100891, ""5"": 0.24775430560112, ""6"": 0.13293172419071198}, ""objective_metric"": ""median_r"", ""trial_seconds"": 80.84354639053345}"
60,PRUNED,0.160204130411,2026-06-03T20:20:36.199270,2026-06-03T20:21:42.656804,66.457534,25,15805.999263238748,"{""fold_scores"": {""1"": 0.15939360857009888, ""2"": 0.13119666278362274, ""3"": 0.1290086805820465, ""4"": 0.13226960599422455, ""5"": 0.24915209412574768}, ""pruned_after_fold"": 5}"
61,COMPLETE,0.157126565774,2026-06-03T20:21:42.672296,2026-06-03T20:23:03.465632,80.793336,35,55923.26769804287,"{""fold_scores"": {""1"": 0.1595727801322937, ""2"": 0.13430380821228027, ""3"": 0.1303996741771698, ""4"": 0.1377417892217636, ""5"": 0.24775271117687225, ""6"": 0.13298863172531128}, ""objective_metric"": ""median_r"", ""trial_seconds"": 80.69781827926636}"
62,COMPLETE,0.157091662288,2026-06-03T20:23:03.481212,2026-06-03T20:24:24.274851,80.793639,35,53500.76651651104,"{""fold_scores"": {""1"": 0.15947294235229492, ""2"": 0.13412967324256897, ""3"": 0.1305018663406372, ""4"": 0.13781918585300446, ""5"": 0.24766498804092407, ""6"": 0.13296131789684296}, ""objective_metric"": ""median_r"", ""trial_seconds"": 80.69968938827515}"
63,PRUNED,0.159221091866,2026-06-03T20:24:24.290101,2026-06-03T20:25:30.188731,65.89863,20,26801.498899375856,"{""fold_scores"": {""1"": 0.15763923525810242, ""2"": 0.12911882996559143, ""3"": 0.13215307891368866, ""4"": 0.1314323991537094, ""5"": 0.2457619160413742}, ""pruned_after_fold"": 5}"
64,COMPLETE,0.157090738416,2026-06-03T20:25:30.204319,2026-06-03T20:26:51.201108,80.996789,35,53981.24388394218,"{""fold_scores"": {""1"": 0.15953277051448822, ""2"": 0.13414621353149414, ""3"": 0.13048338890075684, ""4"": 0.13783589005470276, ""5"": 0.24761420488357544, ""6"": 0.13293196260929108}, ""objective_metric"": ""median_r"", ""trial_seconds"": 80.90487241744995}"
65,PRUNED,0.16058459878,2026-06-03T20:26:51.217971,2026-06-03T20:27:58.577468,67.359497,40,25988.332125382643,"{""fold_scores"": {""1"": 0.15787780284881592, ""2"": 0.13225799798965454, ""3"": 0.1300153136253357, ""4"": 0.13628371059894562, ""5"": 0.24648816883563995}, ""pruned_after_fold"": 5}"
66,COMPLETE,0.157178071638,2026-06-03T20:27:58.593873,2026-06-03T20:29:19.471673,80.8778,185,74711.1541179176,"{""fold_scores"": {""1"": 0.15978986024856567, ""2"": 0.13493496179580688, ""3"": 0.13032785058021545, ""4"": 0.13774941861629486, ""5"": 0.2478644698858261, ""6"": 0.13240186870098114}, ""objective_metric"": ""median_r"", ""trial_seconds"": 80.77766823768616}"
67,PRUNED,0.157156208158,2026-06-03T20:29:19.488447,2026-06-03T20:30:26.766485,67.278038,175,9553.274221237518,"{""fold_scores"": {""1"": 0.1546247899532318, ""2"": 0.12833242118358612, ""3"": 0.12733091413974762, ""4"": 0.1339564025402069, ""5"": 0.24153651297092438}, ""pruned_after_fold"": 5}"
68,PRUNED,0.153473356366,2026-06-03T20:30:26.784248,2026-06-03T20:31:34.067084,67.282836,155,3066.622988140108,"{""fold_scores"": {""1"": 0.1506449580192566, ""2"": 0.12428657710552216, ""3"": 0.12451089918613434, ""4"": 0.131222203373909, ""5"": 0.23670214414596558}, ""pruned_after_fold"": 5}"
69,PRUNED,0.159278333187,2026-06-03T20:31:34.083687,2026-06-03T20:32:41.440508,67.356821,120,16861.450668729587,"{""fold_scores"": {""1"": 0.1564638614654541, ""2"": 0.13074618577957153, ""3"": 0.12919384241104126, ""4"": 0.1354159414768219, ""5"": 0.24457183480262756}, ""pruned_after_fold"": 5}"
70,PRUNED,0.149614048004,2026-06-03T20:32:41.456609,2026-06-03T20:33:48.926186,67.469577,190,28.346595164348372,"{""fold_scores"": {""1"": 0.1463267207145691, ""2"": 0.12012773752212524, ""3"": 0.1212150901556015, ""4"": 0.12978945672512054, ""5"": 0.23061123490333557}, ""pruned_after_fold"": 5}"
71,PRUNED,0.160032841563,2026-06-03T20:33:48.941607,2026-06-03T20:34:56.206055,67.264448,30,98840.08312391027,"{""fold_scores"": {""1"": 0.16066467761993408, ""2"": 0.13387379050254822, ""3"": 0.12867900729179382, ""4"": 0.1376640647649765, ""5"": 0.23928266763687134}, ""pruned_after_fold"": 5}"
72,COMPLETE,0.15713232259,2026-06-03T20:34:56.218018,2026-06-03T20:36:17.040708,80.82269,110,57975.75357812234,"{""fold_scores"": {""1"": 0.1596907079219818, ""2"": 0.1343897134065628, ""3"": 0.1303066909313202, ""4"": 0.1377546489238739, ""5"": 0.24772343039512634, ""6"": 0.1329287439584732}, ""objective_metric"": ""median_r"", ""trial_seconds"": 80.72732853889465}"
73,COMPLETE,0.157130224009,2026-06-03T20:36:17.058992,2026-06-03T20:37:39.981544,82.922552,135,56539.77372036785,"{""fold_scores"": {""1"": 0.1596032679080963, ""2"": 0.13432058691978455, ""3"": 0.13032817840576172, ""4"": 0.13777266442775726, ""5"": 0.2477545440196991, ""6"": 0.13300210237503052}, ""objective_metric"": ""median_r"", ""trial_seconds"": 82.82485699653625}"
74,PRUNED,0.161266607046,2026-06-03T20:37:39.997463,2026-06-03T20:38:49.643609,69.646146,130,34737.92246737855,"{""fold_scores"": {""1"": 0.1585851013660431, ""2"": 0.13286134600639343, ""3"": 0.1306263953447342, ""4"": 0.13685399293899536, ""5"": 0.24740619957447052}, ""pruned_after_fold"": 5}"
75,COMPLETE,0.157182042797,2026-06-03T20:38:49.661013,2026-06-03T20:40:13.124961,83.463948,140,66923.93262338125,"{""fold_scores"": {""1"": 0.15973812341690063, ""2"": 0.13486438989639282, ""3"": 0.13054022192955017, ""4"": 0.13763374090194702, ""5"": 0.24769845604896545, ""6"": 0.13261732459068298}, ""objective_metric"": ""median_r"", ""trial_seconds"": 83.37028193473816}"
76,PRUNED,0.160813525319,2026-06-03T20:40:13.140259,2026-06-03T20:41:22.886370,69.746111,140,27714.787757540595,"{""fold_scores"": {""1"": 0.1582718789577484, ""2"": 0.1322689652442932, ""3"": 0.1302364319562912, ""4"": 0.13646604120731354, ""5"": 0.24682430922985077}, ""pruned_after_fold"": 5}"
77,COMPLETE,0.157190452019,2026-06-03T20:41:22.902889,2026-06-03T20:42:47.204468,84.301579,110,66464.98847944922,"{""fold_scores"": {""1"": 0.15974628925323486, ""2"": 0.13485431671142578, ""3"": 0.13050156831741333, ""4"": 0.1376819759607315, ""5"": 0.24773232638835907, ""6"": 0.1326262354850769}, ""objective_metric"": ""median_r"", ""trial_seconds"": 84.20680499076843}"
78,PRUNED,0.159564438462,2026-06-03T20:42:47.220513,2026-06-03T20:43:56.995701,69.775188,110,18497.30736502064,"{""fold_scores"": {""1"": 0.15687114000320435, ""2"": 0.1310873031616211, ""3"": 0.12932687997817993, ""4"": 0.13542801141738892, ""5"": 0.24510885775089264}, ""pruned_after_fold"": 5}"
79,COMPLETE,0.157165683806,2026-06-03T20:43:57.011960,2026-06-03T20:45:20.848868,83.836908,110,71857.70361526398,"{""fold_scores"": {""1"": 0.15983450412750244, ""2"": 0.1348155438899994, ""3"": 0.13043327629566193, ""4"": 0.13759467005729675, ""5"": 0.24779999256134033, ""6"": 0.13251611590385437}, ""objective_metric"": ""median_r"", ""trial_seconds"": 83.74442172050476}"
